claudia.heller@example.com,U0K6T53qT
eldora_fahey@example.org,M3R18jR3R
erik.marquardt@example.org,B0LeMh817
lorna@example.org,5hBnSaSt
kasandra_daniel@example.net,DlAjKr8eP
juliana.rippin@example.com,GnWa9k14L
lina.senger@example.org,P7SrOo97
alanna@example.net,XmRdPvQhB
leslie.durgan@example.com,1d0tUl80
willie@example.com,47PeWs6uL
amiya@example.net,FhH7UyI18
marlin.kuhlman@example.net,6hSiTcH0F
charlene@example.org,Vm15W53vF
wyman@example.com,O3No3qJ5T
amanda_zieme@example.net,3m68OxR51
carley.erdman@example.org,Ql46WzUsI
ike@example.net,MjEu9oOdH
ryder.torphy@example.com,496x4d27J
jerel@example.net,Hi6aGzDpR
emelie_mosciski@example.net,GvHxCyQiZ
muriel.wiza@example.com,FyD99185C
gerald@example.com,8uPsDqOfP
kayla@example.org,Ss7xIyXrY
elliot_halvorson@example.com,MrZw9bXv
monica@example.org,S53fYj9q
josue@example.com,A7JiN9HeM
kennedi_wilderman@example.com,JiVsCbQoV
casandra.stracke@example.com,7zIe60F8Z
adaline@example.org,HnSiSrOq0
thurman_gerhold@example.com,Ru6xAi6a
samantha@example.com,7u72KgJcT
kennith@example.net,C0A1GjT6F
adrianna@example.com,MqSl1nE32
susana.zulauf@example.com,KsDfF1JiL
dalton@example.org,LaX6X3RyX
keshaun@example.net,GwIeH9JxQ
carson@example.org,Jp9gEb9r5
penelope.nicolas@example.org,M7ChMwT3B
logan@example.org,PjN3P4Q7Q
marcos@example.org,SlInZk5o
jamaal@example.net,27R90eR1Y
athena.runolfsdottir@example.com,FiAvI6Ii0
kane@example.net,DgDfZc57E
alek@example.org,Q2MaS9TuS
angie_kub@example.org,9yJ187Of7
pierre@example.net,ZxZx3gFs
nathanial.jacobson@example.com,BeYtZmU30
anya@example.net,M3Ed2cXeC
carmella_swaniawski@example.org,GoE6O1DzZ
kennith@example.net,Xx43W80iS
garnet.little@example.org,AyObNvKnX
marisol.johnson@example.com,7qWq7153
bria.bergstrom@example.net,UhLyPr8a3
esta@example.org,PqTtO9642
mabel.volkman@example.com,I69cTe27
dangelo@example.com,15QvJnJ28
kaleigh.huels@example.org,X70aFdBhY
alayna_kihn@example.org,JnFyZ8KwG
ollie.morar@example.net,F2Ew060xD
edwardo@example.org,1kFlAvYrC
samir@example.org,RcOzBg07Y
mauricio@example.com,XxGp2fMsU
antonietta@example.net,G73iR1Q85
brody@example.org,ViIeMj59U
lindsay@example.net,XdB8BgZwH
ned@example.com,0dYlYv37G
raven.jaskolski@example.org,BzYqAcEiL
elvie@example.net,2yH13r67H
zachary.frami@example.org,38DjHrPcB
erin@example.com,28Q8IkOe
melya.frami@example.net,JoP9HaIdX
abigayle@example.com,PmN6JhD0Q
catherine@example.org,NnPoTn42D
tyra_weimann@example.org,9r5c71Zf9
catherine@example.com,Uj3i8u3i8
hellen.kuphal@example.org,YwE0Cl2t1
wilfredo@example.net,MzRpUwW9T
ewald_nitzsche@example.net,P93qDxXrI
oral_lesch@example.org,K3Y0QzYc5
kaitlin_macgyver@example.org,297w53Eu4
darby@example.com,BySmYaV7X
dallas.olson@example.com,MwLgZl9p0
jonas_reichert@example.org,Y877PwMcS
garett.graham@example.net,BkMkT2Qn
tianna@example.com,4lA3Mi1yE
karli_sauer@example.net,QzTeCiK27
rosalyn@example.org,Hi7hQn86
adella.hodkiewicz@example.com,0d80NwHyA
lionel_medhurst@example.net,N9YmZwMe
makenzie@example.com,GpMl42ChS
blaise@example.org,41Ez01AbH
quinten@example.org,47HePsAgQ
henri@example.org,5lXaIoH98
fermin@example.com,D11m39WyG
layne@example.com,4oDm22ZoU
mylene@example.net,GiB4OlNrC
theresa@example.com,Yp6u6bA1I
dorthy.hahn@example.com,5wEeG112
carlo@example.net,RwSfSsW97
delta@example.com,E6JnPeH7J
